Location,Bioassay,C_N,mean_k,SE_k
Downstream,Oak,25.5,0.000825762,3.50506E-05
Enclosure,Oak,25.5,0.000488807,3.4359E-05
Control,Oak,25.5,0.000702787,4.65396E-05
Downstream,Wettex,18.8,0.000602382,7.73413E-05
Enclosure,Wettex,18.8,0.000469217,9.71146E-05
Control,Wettex,18.8,0.000764273,0.000196031
Downstream,Green Tea,12.2,0.004299519,0.000101114
Enclosure,Green Tea,12.2,0.00386231,7.56136E-05
Control,Green Tea,12.2,0.004128362,0.00014311
